stu_id,category,year_of_study,ai_hours,ai_use,prompt_skill,tool_diversity,dependence
100001,Humanities,Senior,23.31,Copywriting/Drafting,Beginner,1,5
100002,Medical,Junior,1.12,Ideation,Advanced,5,3
100003,Business,Freshman,21.26,Summarizing_Reading,Beginner,2,5
100004,Business,Senior,1.82,Copywriting/Drafting,Intermediate,4,2
100005,STEM,Sophomore,9.29,Debugging/Troubleshooting,Advanced,4,4
100006,STEM,Junior,6.5,Debugging/Troubleshooting,Beginner,1,4
100007,STEM,Freshman,31.41,Summarizing_Reading,Advanced,5,8
100008,Arts,Junior,5.33,Copywriting/Drafting,Intermediate,3,2
100009,Business,Sophomore,2,Debugging/Troubleshooting,Beginner,2,1
100010,Business,Sophomore,19.99,Debugging/Troubleshooting,Intermediate,2,3
100011,STEM,Graduate,5.16,Summarizing_Reading,Advanced,3,5
100012,Medical,Junior,3.62,Direct_Answer_Generation,Intermediate,3,3
100013,Arts,Senior,2.86,Copywriting/Drafting,Beginner,2,2
100014,STEM,Junior,8.95,Direct_Answer_Generation,Beginner,1,2
100015,STEM,Freshman,1.22,Copywriting/Drafting,Beginner,1,2
100016,STEM,Senior,14.74,Debugging/Troubleshooting,Beginner,1,4
100017,Humanities,Sophomore,2.08,Direct_Answer_Generation,Advanced,3,5
100018,Business,Senior,8.03,Direct_Answer_Generation,Advanced,4,4
100019,Humanities,Junior,0.51,Summarizing_Reading,Beginner,1,1
100020,STEM,Sophomore,0.2,Debugging/Troubleshooting,Intermediate,4,1
100021,Business,Sophomore,1.63,Copywriting/Drafting,Intermediate,4,4
100022,STEM,Senior,4.91,Debugging/Troubleshooting,Beginner,1,2
100023,STEM,Junior,10.48,Copywriting/Drafting,Intermediate,2,2
100024,Humanities,Senior,0.45,Ideation,Beginner,1,1
100025,Humanities,Freshman,28.72,Copywriting/Drafting,Beginner,1,8
100026,Arts,Senior,2.38,Ideation,Advanced,4,2
100027,STEM,Sophomore,18.62,Debugging/Troubleshooting,Advanced,5,6
100028,Business,Junior,23.96,Ideation,Intermediate,2,5
100029,Business,Freshman,0.68,Ideation,Beginner,1,1
100030,STEM,Sophomore,12.83,Debugging/Troubleshooting,Advanced,4,5
100031,Business,Senior,1.26,Direct_Answer_Generation,Intermediate,4,2
100032,STEM,Sophomore,0.72,Debugging/Troubleshooting,Intermediate,2,5
100033,STEM,Graduate,1.27,Direct_Answer_Generation,Advanced,3,3
100034,Medical,Senior,5.56,Summarizing_Reading,Intermediate,5,2
100035,Medical,Graduate,19.92,Summarizing_Reading,Beginner,2,7
100036,Arts,Sophomore,1.17,Direct_Answer_Generation,Intermediate,4,2
100037,Humanities,Freshman,0.29,Copywriting/Drafting,Advanced,3,1
100038,STEM,Junior,16.77,Debugging/Troubleshooting,Intermediate,3,5
100039,Business,Sophomore,1.58,Ideation,Intermediate,4,1
100040,Humanities,Junior,4.19,Debugging/Troubleshooting,Intermediate,3,2
100041,STEM,Senior,7.17,Debugging/Troubleshooting,Advanced,3,5
100042,Humanities,Senior,0.41,Summarizing_Reading,Beginner,3,1
100043,STEM,Freshman,8.06,Debugging/Troubleshooting,Beginner,3,3
100044,Medical,Senior,4.67,Summarizing_Reading,Beginner,3,4
100045,STEM,Junior,14.47,Debugging/Troubleshooting,Intermediate,3,4
100046,Business,Junior,6.34,Ideation,Intermediate,2,2
100047,Humanities,Sophomore,6.26,Copywriting/Drafting,Intermediate,1,4
100048,Business,Junior,8.04,Direct_Answer_Generation,Beginner,2,2
100049,Business,Senior,8.78,Ideation,Intermediate,3,1
100050,STEM,Senior,13.39,Summarizing_Reading,Intermediate,2,5
100051,Medical,Sophomore,11.13,Summarizing_Reading,Advanced,4,3
100052,Arts,Senior,11.16,Debugging/Troubleshooting,Beginner,2,6
100053,Medical,Sophomore,11.36,Summarizing_Reading,Intermediate,3,5
100054,Medical,Senior,0.88,Ideation,Intermediate,4,4
100055,Business,Junior,0.16,Summarizing_Reading,Beginner,1,2
100056,Medical,Senior,20.48,Direct_Answer_Generation,Beginner,2,6
100057,STEM,Junior,2.23,Ideation,Advanced,4,4
100058,STEM,Sophomore,9.77,Ideation,Advanced,3,4
100059,STEM,Junior,2.7,Debugging/Troubleshooting,Beginner,2,3
100060,Humanities,Sophomore,14.92,Summarizing_Reading,Beginner,2,2
100061,Humanities,Sophomore,6.6,Ideation,Advanced,3,4
100062,STEM,Freshman,2.47,Debugging/Troubleshooting,Intermediate,3,1
100063,Arts,Senior,17.37,Copywriting/Drafting,Beginner,1,6
100064,Humanities,Freshman,7.02,Copywriting/Drafting,Intermediate,4,2
100065,STEM,Graduate,8.2,Ideation,Intermediate,1,2
100066,Business,Freshman,0.65,Ideation,Intermediate,3,3
100067,STEM,Graduate,6.73,Debugging/Troubleshooting,Intermediate,4,3
100068,Arts,Graduate,1.1,Ideation,Beginner,2,2
100069,STEM,Sophomore,16.74,Direct_Answer_Generation,Advanced,3,4
100070,Medical,Graduate,9.62,Copywriting/Drafting,Beginner,1,5
100071,Arts,Graduate,18.86,Direct_Answer_Generation,Beginner,1,6
100072,STEM,Freshman,13.89,Copywriting/Drafting,Beginner,2,8
100073,STEM,Graduate,9.97,Debugging/Troubleshooting,Advanced,3,3
100074,Arts,Freshman,8.72,Ideation,Advanced,3,4
100075,Business,Freshman,2.08,Direct_Answer_Generation,Beginner,1,5
100076,Business,Junior,5.4,Copywriting/Drafting,Beginner,2,2
100077,Arts,Freshman,7.29,Copywriting/Drafting,Beginner,3,1
100078,STEM,Freshman,0.9,Debugging/Troubleshooting,Advanced,4,1
100079,Humanities,Graduate,8.84,Copywriting/Drafting,Intermediate,2,1
100080,STEM,Graduate,5.01,Summarizing_Reading,Beginner,3,2
100081,Arts,Senior,2.79,Copywriting/Drafting,Beginner,2,2
100082,Business,Junior,8.53,Direct_Answer_Generation,Beginner,2,4
100083,Humanities,Graduate,13.97,Summarizing_Reading,Beginner,1,4
100084,STEM,Freshman,3.7,Debugging/Troubleshooting,Intermediate,4,2
100085,Humanities,Graduate,8.18,Direct_Answer_Generation,Advanced,4,4
100086,Humanities,Sophomore,8.23,Debugging/Troubleshooting,Intermediate,3,3
100087,Business,Graduate,9.65,Ideation,Intermediate,5,2
100088,Business,Senior,13.19,Ideation,Beginner,2,6
100089,Medical,Graduate,6.51,Summarizing_Reading,Beginner,3,1
100090,Humanities,Graduate,34,Debugging/Troubleshooting,Beginner,2,6
100091,STEM,Graduate,7.91,Debugging/Troubleshooting,Intermediate,5,3
100092,Business,Junior,5.87,Copywriting/Drafting,Intermediate,5,3
100093,Arts,Senior,0.16,Debugging/Troubleshooting,Intermediate,5,3
100094,Business,Senior,12.92,Direct_Answer_Generation,Intermediate,2,7
100095,Arts,Freshman,21.32,Summarizing_Reading,Beginner,2,3
100096,Humanities,Senior,5.21,Copywriting/Drafting,Beginner,1,1
100097,Business,Freshman,3.32,Direct_Answer_Generation,Intermediate,2,2
100098,Humanities,Graduate,3.02,Copywriting/Drafting,Beginner,2,2
100099,STEM,Freshman,28.71,Debugging/Troubleshooting,Advanced,5,6
100100,STEM,Graduate,11.3,Direct_Answer_Generation,Advanced,3,6
100101,STEM,Sophomore,25.83,Debugging/Troubleshooting,Intermediate,3,7
100102,Business,Freshman,8.9,Debugging/Troubleshooting,Intermediate,3,6
100103,Humanities,Graduate,3.32,Copywriting/Drafting,Beginner,2,5
100104,Business,Freshman,4.77,Debugging/Troubleshooting,Intermediate,2,2
100105,Medical,Junior,5.72,Copywriting/Drafting,Intermediate,2,2
100106,STEM,Senior,9.6,Debugging/Troubleshooting,Intermediate,3,3
100107,Humanities,Sophomore,6.37,Copywriting/Drafting,Advanced,3,2
100108,Arts,Junior,4.33,Direct_Answer_Generation,Beginner,1,2
100109,STEM,Senior,0.43,Copywriting/Drafting,Intermediate,4,3
100110,STEM,Graduate,10.28,Ideation,Advanced,4,4
100111,STEM,Freshman,7.54,Debugging/Troubleshooting,Beginner,1,2
100112,STEM,Freshman,12.06,Ideation,Beginner,3,6
100113,Medical,Junior,9.86,Ideation,Intermediate,2,5
100114,Arts,Sophomore,2.86,Copywriting/Drafting,Beginner,1,4
100115,Business,Sophomore,2.61,Ideation,Advanced,5,1
100116,Medical,Sophomore,1.25,Ideation,Beginner,3,2
100117,Arts,Junior,5.45,Summarizing_Reading,Advanced,3,3
100118,STEM,Graduate,0.73,Debugging/Troubleshooting,Intermediate,2,1
100119,Medical,Freshman,27.9,Summarizing_Reading,Beginner,2,7
100120,Business,Freshman,0.9,Ideation,Advanced,5,1
100121,Arts,Senior,3.58,Ideation,Intermediate,4,3
100122,Medical,Freshman,0.51,Direct_Answer_Generation,Beginner,2,4
100123,Humanities,Senior,18.48,Copywriting/Drafting,Beginner,1,4
100124,STEM,Sophomore,3.16,Ideation,Advanced,3,5
100125,STEM,Sophomore,40,Summarizing_Reading,Intermediate,4,10
100126,Humanities,Sophomore,18.06,Debugging/Troubleshooting,Beginner,2,7
100127,Arts,Sophomore,5.4,Direct_Answer_Generation,Intermediate,2,4
100128,Arts,Senior,23.63,Ideation,Beginner,2,7
100129,STEM,Graduate,3.94,Debugging/Troubleshooting,Intermediate,4,3
100130,Business,Junior,8.18,Ideation,Intermediate,2,2
100131,Humanities,Junior,1.62,Copywriting/Drafting,Beginner,2,1
100132,STEM,Freshman,20.76,Ideation,Advanced,3,5
100133,STEM,Senior,9.69,Debugging/Troubleshooting,Beginner,3,5
100134,Humanities,Junior,16.77,Direct_Answer_Generation,Advanced,3,6
100135,Medical,Freshman,6.97,Summarizing_Reading,Beginner,2,3
100136,Humanities,Freshman,6.39,Debugging/Troubleshooting,Beginner,1,3
100137,Business,Freshman,11.13,Debugging/Troubleshooting,Beginner,3,8
100138,Business,Freshman,0.44,Ideation,Advanced,4,4
100139,Humanities,Senior,4.18,Direct_Answer_Generation,Intermediate,1,1
100140,Medical,Graduate,1.9,Ideation,Beginner,2,3
100141,Medical,Senior,20.69,Ideation,Beginner,2,4
100142,STEM,Junior,25.2,Debugging/Troubleshooting,Advanced,4,4
100143,Humanities,Sophomore,10.37,Copywriting/Drafting,Advanced,4,4
100144,Humanities,Sophomore,16.61,Summarizing_Reading,Beginner,3,5
100145,STEM,Junior,22.04,Summarizing_Reading,Intermediate,1,6
100146,STEM,Sophomore,9.16,Ideation,Advanced,3,5
100147,Business,Sophomore,25.66,Ideation,Intermediate,1,5
100148,Business,Junior,6.05,Ideation,Beginner,2,1
100149,STEM,Sophomore,40,Debugging/Troubleshooting,Beginner,3,6
100150,STEM,Freshman,35.18,Debugging/Troubleshooting,Advanced,4,8
100151,Medical,Freshman,20.4,Copywriting/Drafting,Beginner,1,6
100152,STEM,Sophomore,4.43,Copywriting/Drafting,Intermediate,5,4
100153,STEM,Junior,4.13,Summarizing_Reading,Advanced,4,1
100154,Humanities,Sophomore,4.01,Ideation,Intermediate,3,1
100155,Medical,Freshman,1.52,Summarizing_Reading,Intermediate,3,3
100156,STEM,Sophomore,1.35,Copywriting/Drafting,Advanced,3,3
100157,Business,Freshman,9.72,Summarizing_Reading,Beginner,3,6
100158,Arts,Graduate,3.86,Copywriting/Drafting,Beginner,3,5
100159,STEM,Sophomore,10.2,Direct_Answer_Generation,Beginner,2,4
100160,Business,Freshman,2.92,Ideation,Intermediate,3,4
100161,Humanities,Senior,2.76,Copywriting/Drafting,Beginner,3,1
100162,Business,Sophomore,9.49,Summarizing_Reading,Beginner,2,5
100163,Business,Junior,2.62,Debugging/Troubleshooting,Beginner,1,3
100164,Business,Freshman,1.41,Ideation,Intermediate,2,4
100165,STEM,Graduate,27.25,Debugging/Troubleshooting,Beginner,3,6
100166,Arts,Graduate,9.67,Ideation,Beginner,2,3
100167,Humanities,Senior,1.18,Summarizing_Reading,Beginner,1,1
100168,STEM,Senior,2.67,Debugging/Troubleshooting,Intermediate,1,3
100169,STEM,Junior,4.31,Debugging/Troubleshooting,Intermediate,2,2
100170,Business,Graduate,5.54,Summarizing_Reading,Intermediate,2,3
100171,Business,Junior,0.78,Ideation,Advanced,4,5
100172,STEM,Sophomore,2.54,Ideation,Intermediate,1,4
100173,Business,Freshman,0.11,Summarizing_Reading,Advanced,3,3
100174,STEM,Freshman,9.82,Copywriting/Drafting,Beginner,2,3
100175,Business,Junior,14.99,Direct_Answer_Generation,Intermediate,2,6
100176,STEM,Sophomore,2.13,Debugging/Troubleshooting,Beginner,2,5
100177,Business,Senior,18.12,Ideation,Advanced,4,6
100178,Humanities,Sophomore,3.46,Summarizing_Reading,Beginner,3,3
100179,Medical,Graduate,2.94,Copywriting/Drafting,Beginner,1,3
100180,STEM,Junior,2.7,Debugging/Troubleshooting,Advanced,5,2
100181,Humanities,Junior,26.24,Copywriting/Drafting,Advanced,5,7
100182,STEM,Junior,3.1,Debugging/Troubleshooting,Beginner,1,4
100183,Medical,Graduate,3.49,Ideation,Advanced,3,2
100184,Medical,Freshman,0.75,Summarizing_Reading,Beginner,2,1
100185,STEM,Freshman,37.66,Copywriting/Drafting,Intermediate,3,6
100186,Business,Senior,0.36,Debugging/Troubleshooting,Beginner,2,4
100187,Arts,Senior,3.33,Copywriting/Drafting,Intermediate,3,2
100188,Business,Junior,1.87,Copywriting/Drafting,Intermediate,3,2
100189,Business,Sophomore,3.23,Ideation,Beginner,2,1
100190,STEM,Sophomore,1.7,Copywriting/Drafting,Intermediate,4,3
100191,STEM,Sophomore,3.49,Summarizing_Reading,Intermediate,2,2
100192,Medical,Graduate,3.05,Summarizing_Reading,Intermediate,2,4
100193,Medical,Sophomore,2.41,Direct_Answer_Generation,Beginner,2,3
100194,Business,Senior,7.69,Copywriting/Drafting,Advanced,5,1
100195,Humanities,Senior,3.64,Ideation,Beginner,3,1
100196,Humanities,Freshman,2.11,Copywriting/Drafting,Intermediate,2,2
100197,Business,Freshman,6.34,Direct_Answer_Generation,Beginner,2,3
100198,Medical,Sophomore,2.64,Direct_Answer_Generation,Intermediate,1,1
100199,Medical,Senior,8.1,Summarizing_Reading,Beginner,3,4
100200,Arts,Sophomore,14.28,Direct_Answer_Generation,Advanced,3,6
100201,Business,Freshman,17.53,Copywriting/Drafting,Beginner,2,6
100202,STEM,Sophomore,1.76,Summarizing_Reading,Advanced,3,2
100203,STEM,Freshman,0.87,Debugging/Troubleshooting,Intermediate,5,4
100204,Medical,Freshman,10.51,Direct_Answer_Generation,Beginner,3,4
100205,Business,Sophomore,21.32,Debugging/Troubleshooting,Beginner,2,6
100206,STEM,Freshman,8.15,Debugging/Troubleshooting,Intermediate,3,4
100207,STEM,Senior,0.81,Debugging/Troubleshooting,Beginner,2,4
100208,Business,Sophomore,9.73,Ideation,Beginner,1,4
100209,STEM,Senior,1.59,Direct_Answer_Generation,Beginner,2,4
100210,STEM,Junior,6.03,Summarizing_Reading,Advanced,4,2
100211,Business,Graduate,9.61,Debugging/Troubleshooting,Advanced,3,4
100212,Business,Freshman,16.68,Summarizing_Reading,Advanced,4,5
100213,Business,Freshman,6.12,Ideation,Advanced,5,6
100214,STEM,Graduate,4.25,Direct_Answer_Generation,Beginner,2,4
100215,Business,Senior,5.75,Summarizing_Reading,Advanced,5,3
100216,STEM,Freshman,1.91,Debugging/Troubleshooting,Intermediate,2,4
100217,Humanities,Freshman,4.27,Copywriting/Drafting,Intermediate,3,5
100218,Business,Graduate,7.89,Ideation,Beginner,2,2
100219,Business,Freshman,2.69,Ideation,Beginner,1,2
100220,Arts,Graduate,3.85,Copywriting/Drafting,Intermediate,3,4
100221,Business,Graduate,23.56,Ideation,Advanced,3,7
100222,Business,Sophomore,0.18,Debugging/Troubleshooting,Beginner,3,1
100223,STEM,Senior,21.42,Summarizing_Reading,Advanced,4,3
100224,Humanities,Junior,11.81,Summarizing_Reading,Beginner,3,2
100225,STEM,Senior,4.6,Ideation,Beginner,3,3
100226,STEM,Sophomore,3.82,Copywriting/Drafting,Beginner,3,1
100227,Medical,Freshman,9.33,Summarizing_Reading,Advanced,4,2
100228,Humanities,Senior,15.05,Summarizing_Reading,Beginner,3,5
100229,Medical,Freshman,0.39,Summarizing_Reading,Beginner,3,1
100230,Business,Graduate,6.3,Ideation,Intermediate,1,1
100231,Arts,Sophomore,2.28,Ideation,Beginner,1,1
100232,Business,Freshman,1.27,Ideation,Intermediate,5,4
100233,Business,Sophomore,5.41,Ideation,Beginner,1,3
100234,Humanities,Graduate,0.76,Debugging/Troubleshooting,Advanced,5,2
100235,STEM,Sophomore,8.17,Direct_Answer_Generation,Advanced,3,3
100236,Business,Graduate,0.26,Ideation,Beginner,3,1
100237,STEM,Freshman,8.76,Copywriting/Drafting,Intermediate,3,2
100238,STEM,Junior,3.97,Direct_Answer_Generation,Advanced,4,1
100239,Business,Graduate,15.28,Ideation,Beginner,2,6
100240,STEM,Freshman,7.75,Debugging/Troubleshooting,Beginner,1,3
100241,Medical,Sophomore,5.97,Summarizing_Reading,Beginner,1,2
100242,Medical,Graduate,9.68,Summarizing_Reading,Beginner,2,6
100243,Medical,Junior,1.62,Summarizing_Reading,Advanced,3,5
100244,Humanities,Senior,0.67,Copywriting/Drafting,Beginner,2,3
100245,STEM,Senior,22.12,Ideation,Intermediate,2,7
100246,Medical,Junior,19.75,Direct_Answer_Generation,Beginner,2,6
100247,Humanities,Senior,9.09,Copywriting/Drafting,Beginner,3,2
100248,Medical,Junior,14.79,Debugging/Troubleshooting,Advanced,3,2
100249,Medical,Senior,7.89,Summarizing_Reading,Intermediate,4,6
100250,Arts,Freshman,5.74,Copywriting/Drafting,Beginner,1,4
100251,STEM,Graduate,12.75,Ideation,Advanced,3,6
100252,Humanities,Senior,9.12,Direct_Answer_Generation,Advanced,4,5
100253,Arts,Sophomore,1.43,Copywriting/Drafting,Beginner,3,3
100254,Humanities,Junior,11.89,Debugging/Troubleshooting,Intermediate,3,4
100255,STEM,Sophomore,25.73,Copywriting/Drafting,Beginner,2,7
100256,Business,Senior,7.93,Ideation,Intermediate,2,1
100257,Medical,Graduate,3.38,Direct_Answer_Generation,Advanced,3,1
100258,Business,Freshman,2.17,Summarizing_Reading,Advanced,3,1
100259,Business,Graduate,7.72,Copywriting/Drafting,Advanced,3,2
100260,STEM,Freshman,0.74,Debugging/Troubleshooting,Advanced,3,2
100261,Business,Junior,20.81,Ideation,Advanced,3,5
100262,Medical,Junior,5.02,Summarizing_Reading,Intermediate,2,1
100263,STEM,Sophomore,18.43,Debugging/Troubleshooting,Intermediate,3,3
100264,Business,Junior,22.73,Summarizing_Reading,Beginner,3,7
100265,Medical,Senior,1.62,Summarizing_Reading,Intermediate,3,4
100266,Business,Sophomore,10.66,Debugging/Troubleshooting,Beginner,1,3
100267,Business,Freshman,12.22,Ideation,Intermediate,1,5
100268,Business,Junior,23.57,Copywriting/Drafting,Intermediate,4,6
100269,Humanities,Senior,3.46,Copywriting/Drafting,Intermediate,3,1
100270,STEM,Graduate,0.86,Ideation,Beginner,1,1
100271,Arts,Freshman,9.42,Copywriting/Drafting,Beginner,1,5
100272,Arts,Graduate,1.3,Debugging/Troubleshooting,Beginner,2,5
100273,Arts,Junior,3.95,Copywriting/Drafting,Beginner,2,3
100274,Medical,Sophomore,21.31,Summarizing_Reading,Beginner,3,8
100275,Business,Graduate,0.8,Copywriting/Drafting,Intermediate,4,4
100276,Business,Sophomore,6.5,Summarizing_Reading,Intermediate,3,1
100277,Arts,Senior,0.39,Copywriting/Drafting,Beginner,3,1
100278,Business,Senior,14.54,Ideation,Beginner,1,4
100279,Business,Junior,1.65,Copywriting/Drafting,Beginner,2,5
100280,Arts,Senior,0.33,Summarizing_Reading,Beginner,2,2
100281,Medical,Junior,5.79,Debugging/Troubleshooting,Beginner,2,1
100282,Humanities,Freshman,5.69,Copywriting/Drafting,Beginner,1,5
100283,Humanities,Senior,7.31,Copywriting/Drafting,Advanced,3,3
100284,STEM,Graduate,21.44,Debugging/Troubleshooting,Intermediate,3,4
100285,Business,Junior,0.49,Ideation,Intermediate,4,1
100286,STEM,Graduate,11.33,Direct_Answer_Generation,Intermediate,2,4
100287,Humanities,Junior,0.61,Ideation,Beginner,2,1
100288,Business,Junior,13.55,Ideation,Advanced,4,6
100289,STEM,Senior,4.77,Direct_Answer_Generation,Advanced,3,2
100290,Business,Freshman,4.78,Debugging/Troubleshooting,Advanced,5,2
100291,STEM,Graduate,8.49,Debugging/Troubleshooting,Intermediate,2,3
100292,STEM,Senior,29.02,Summarizing_Reading,Intermediate,1,6
100293,Arts,Graduate,16.4,Copywriting/Drafting,Beginner,2,4
100294,Humanities,Junior,6.12,Copywriting/Drafting,Beginner,2,3
100295,STEM,Graduate,4.2,Debugging/Troubleshooting,Intermediate,3,5
100296,Business,Senior,24.66,Copywriting/Drafting,Advanced,4,5
100297,Arts,Junior,10.72,Summarizing_Reading,Advanced,5,5
100298,STEM,Graduate,18.58,Direct_Answer_Generation,Advanced,3,6
100299,Business,Junior,3.03,Ideation,Advanced,3,2
100300,STEM,Junior,0.12,Debugging/Troubleshooting,Intermediate,3,5
100301,STEM,Freshman,13.25,Copywriting/Drafting,Intermediate,3,6
100302,Business,Graduate,3.16,Ideation,Intermediate,3,3
100303,Business,Sophomore,27.29,Ideation,Beginner,1,7
100304,Business,Freshman,6.81,Ideation,Beginner,3,1
100305,Business,Freshman,40,Ideation,Advanced,5,9
100306,Medical,Junior,0.41,Summarizing_Reading,Beginner,1,1
100307,Business,Sophomore,4.54,Summarizing_Reading,Beginner,1,5
100308,Humanities,Senior,7.94,Ideation,Intermediate,1,3
100309,Arts,Sophomore,1.79,Copywriting/Drafting,Beginner,2,2
100310,STEM,Senior,3.31,Debugging/Troubleshooting,Beginner,3,4
100311,Humanities,Freshman,8.83,Debugging/Troubleshooting,Advanced,3,1
100312,STEM,Sophomore,11.05,Debugging/Troubleshooting,Intermediate,1,4
100313,STEM,Senior,0.28,Debugging/Troubleshooting,Beginner,2,2
100314,Medical,Sophomore,2.26,Summarizing_Reading,Intermediate,2,1
100315,Arts,Freshman,8.17,Debugging/Troubleshooting,Advanced,3,2
100316,Business,Graduate,1.92,Ideation,Beginner,2,3
100317,Humanities,Freshman,15.07,Copywriting/Drafting,Advanced,4,3
100318,STEM,Freshman,4.48,Debugging/Troubleshooting,Advanced,4,2
100319,STEM,Sophomore,4.23,Direct_Answer_Generation,Intermediate,1,4
100320,STEM,Freshman,40,Debugging/Troubleshooting,Intermediate,1,7
100321,Business,Freshman,1.01,Ideation,Intermediate,3,2
100322,Business,Senior,5.8,Debugging/Troubleshooting,Advanced,4,5
100323,Business,Freshman,1.01,Ideation,Beginner,1,1
100324,STEM,Freshman,7.49,Debugging/Troubleshooting,Intermediate,2,2
100325,Medical,Graduate,2.16,Summarizing_Reading,Beginner,1,5
100326,Business,Junior,4.37,Ideation,Beginner,3,3
100327,Business,Freshman,19.48,Copywriting/Drafting,Intermediate,3,4
100328,Business,Junior,1.24,Copywriting/Drafting,Intermediate,2,2
100329,Humanities,Freshman,5.16,Debugging/Troubleshooting,Intermediate,3,1
100330,STEM,Junior,8.89,Direct_Answer_Generation,Intermediate,2,5
100331,Humanities,Junior,1.27,Summarizing_Reading,Beginner,2,3
100332,Arts,Graduate,29.13,Debugging/Troubleshooting,Intermediate,3,7
100333,STEM,Sophomore,0.65,Debugging/Troubleshooting,Intermediate,3,5
100334,STEM,Senior,40,Debugging/Troubleshooting,Advanced,4,8
100335,STEM,Freshman,1.88,Summarizing_Reading,Intermediate,4,5
100336,STEM,Junior,13.65,Debugging/Troubleshooting,Advanced,3,4
100337,Arts,Sophomore,2.92,Copywriting/Drafting,Advanced,3,2
100338,Business,Junior,9.42,Ideation,Beginner,2,4
100339,Humanities,Sophomore,0.34,Debugging/Troubleshooting,Advanced,5,5
100340,STEM,Graduate,15.4,Copywriting/Drafting,Beginner,2,4
100341,Humanities,Graduate,2.4,Direct_Answer_Generation,Beginner,2,3
100342,Humanities,Junior,3.66,Direct_Answer_Generation,Beginner,2,3
100343,STEM,Freshman,23.54,Copywriting/Drafting,Advanced,5,8
100344,Humanities,Junior,6.82,Debugging/Troubleshooting,Advanced,3,2
100345,Humanities,Senior,17.5,Copywriting/Drafting,Intermediate,3,3
100346,Business,Freshman,32.77,Ideation,Intermediate,5,8
100347,Business,Junior,4.77,Ideation,Intermediate,3,2
100348,STEM,Freshman,1.13,Copywriting/Drafting,Advanced,5,3
100349,Humanities,Sophomore,4.99,Summarizing_Reading,Beginner,2,2
100350,Business,Freshman,7.2,Debugging/Troubleshooting,Intermediate,3,2
100351,Business,Graduate,1.94,Direct_Answer_Generation,Advanced,3,1
100352,Arts,Freshman,4.93,Copywriting/Drafting,Beginner,2,1
100353,Business,Freshman,8.26,Summarizing_Reading,Beginner,1,3
100354,STEM,Graduate,9.77,Debugging/Troubleshooting,Beginner,1,3
100355,STEM,Junior,3.84,Copywriting/Drafting,Beginner,1,1
100356,Business,Senior,9.04,Direct_Answer_Generation,Intermediate,3,2
100357,STEM,Sophomore,32.69,Debugging/Troubleshooting,Beginner,2,9
100358,Business,Junior,2.75,Ideation,Beginner,2,1
100359,Medical,Freshman,13.87,Summarizing_Reading,Advanced,3,4
100360,Business,Sophomore,27.87,Ideation,Advanced,5,9
100361,Humanities,Junior,21.76,Copywriting/Drafting,Beginner,3,6
100362,Business,Junior,2.73,Ideation,Beginner,1,3
100363,Humanities,Sophomore,8.71,Debugging/Troubleshooting,Intermediate,2,4
100364,Business,Senior,35.34,Ideation,Intermediate,3,9
100365,Medical,Junior,7.96,Summarizing_Reading,Beginner,2,6
100366,Humanities,Junior,2.81,Copywriting/Drafting,Beginner,3,5
100367,Medical,Freshman,4.59,Direct_Answer_Generation,Advanced,4,4
100368,Medical,Graduate,12.35,Summarizing_Reading,Advanced,3,8
100369,STEM,Sophomore,5.67,Debugging/Troubleshooting,Beginner,3,4
100370,STEM,Junior,7.67,Debugging/Troubleshooting,Advanced,4,6
100371,STEM,Sophomore,2.72,Direct_Answer_Generation,Advanced,4,2
100372,STEM,Graduate,0.68,Debugging/Troubleshooting,Beginner,1,1
100373,STEM,Graduate,1.85,Debugging/Troubleshooting,Advanced,4,1
100374,Business,Sophomore,24.8,Ideation,Intermediate,3,5
100375,STEM,Senior,7.19,Debugging/Troubleshooting,Advanced,3,4
100376,Humanities,Freshman,11.65,Copywriting/Drafting,Intermediate,4,2
100377,Arts,Freshman,15.96,Copywriting/Drafting,Advanced,4,5
100378,STEM,Senior,2.87,Debugging/Troubleshooting,Advanced,4,2
100379,Arts,Freshman,1.03,Direct_Answer_Generation,Beginner,1,3
100380,STEM,Freshman,7.85,Debugging/Troubleshooting,Intermediate,5,5
100381,STEM,Junior,33.26,Debugging/Troubleshooting,Intermediate,1,7
100382,Business,Senior,1.98,Ideation,Intermediate,1,1
100383,Business,Freshman,2.3,Ideation,Advanced,5,5
100384,Medical,Freshman,12.68,Summarizing_Reading,Intermediate,5,3
100385,Business,Freshman,13.92,Debugging/Troubleshooting,Beginner,3,6
100386,Arts,Freshman,2.62,Ideation,Beginner,2,2
100387,STEM,Freshman,4.82,Direct_Answer_Generation,Intermediate,4,2
100388,STEM,Graduate,12.15,Direct_Answer_Generation,Intermediate,1,3
100389,Arts,Freshman,1.76,Copywriting/Drafting,Beginner,2,1
100390,Arts,Junior,9.15,Copywriting/Drafting,Intermediate,4,3
100391,Medical,Graduate,5.96,Direct_Answer_Generation,Intermediate,3,4
100392,Humanities,Junior,4.97,Direct_Answer_Generation,Advanced,3,3
100393,Humanities,Freshman,9.24,Debugging/Troubleshooting,Beginner,3,3
100394,Arts,Junior,0.86,Copywriting/Drafting,Beginner,2,1
100395,Humanities,Graduate,1.25,Copywriting/Drafting,Beginner,1,5
100396,Medical,Sophomore,13.42,Copywriting/Drafting,Advanced,3,4
100397,Arts,Sophomore,8.84,Debugging/Troubleshooting,Intermediate,2,5
100398,Humanities,Sophomore,34,Summarizing_Reading,Beginner,3,5
100399,Arts,Junior,23.92,Debugging/Troubleshooting,Intermediate,4,5
100400,Arts,Sophomore,11.08,Copywriting/Drafting,Beginner,2,6
100401,STEM,Senior,5.6,Summarizing_Reading,Advanced,3,1
100402,Medical,Senior,14.38,Copywriting/Drafting,Advanced,3,4
100403,Business,Sophomore,24.2,Copywriting/Drafting,Beginner,3,4
100404,Arts,Senior,12.02,Copywriting/Drafting,Beginner,1,4
100405,Humanities,Freshman,3.21,Direct_Answer_Generation,Beginner,3,3
100406,Medical,Senior,6.65,Debugging/Troubleshooting,Beginner,1,6
100407,Humanities,Junior,2.51,Copywriting/Drafting,Beginner,3,3
100408,STEM,Junior,21.32,Debugging/Troubleshooting,Advanced,4,6
100409,Medical,Freshman,0.75,Summarizing_Reading,Beginner,3,1
100410,STEM,Junior,30.41,Debugging/Troubleshooting,Advanced,3,5
100411,Humanities,Junior,1.93,Copywriting/Drafting,Beginner,2,4
100412,Medical,Junior,3.43,Direct_Answer_Generation,Advanced,5,3
100413,Medical,Sophomore,3.95,Ideation,Advanced,3,5
100414,Business,Freshman,20.05,Ideation,Intermediate,3,5
100415,Business,Junior,35.87,Ideation,Intermediate,1,5
100416,Humanities,Sophomore,1.19,Debugging/Troubleshooting,Intermediate,3,3
100417,STEM,Junior,27.04,Summarizing_Reading,Beginner,2,4
100418,Humanities,Junior,13.03,Copywriting/Drafting,Beginner,3,4
100419,Business,Sophomore,10.3,Ideation,Beginner,3,4
100420,Arts,Sophomore,0.19,Summarizing_Reading,Intermediate,5,4
100421,Arts,Junior,5.42,Debugging/Troubleshooting,Beginner,2,4
100422,Arts,Junior,9.65,Copywriting/Drafting,Advanced,4,5
100423,STEM,Junior,9.4,Copywriting/Drafting,Advanced,5,6
100424,Humanities,Graduate,22.74,Summarizing_Reading,Beginner,2,3
100425,STEM,Senior,6.48,Copywriting/Drafting,Beginner,2,3
100426,Business,Freshman,0.87,Debugging/Troubleshooting,Intermediate,2,3
100427,Humanities,Junior,1.51,Summarizing_Reading,Intermediate,4,5
100428,Medical,Sophomore,24.1,Debugging/Troubleshooting,Beginner,2,5
100429,Humanities,Sophomore,0.5,Copywriting/Drafting,Intermediate,2,1
100430,STEM,Graduate,10.91,Ideation,Beginner,1,3
100431,STEM,Junior,10.74,Ideation,Advanced,4,4
100432,Arts,Senior,4.96,Copywriting/Drafting,Advanced,3,5
100433,Business,Graduate,40,Copywriting/Drafting,Beginner,3,9
100434,STEM,Freshman,0.52,Ideation,Intermediate,3,3
100435,STEM,Freshman,19.83,Summarizing_Reading,Intermediate,3,4
100436,Business,Sophomore,0.79,Ideation,Advanced,5,2
100437,STEM,Freshman,14.46,Debugging/Troubleshooting,Advanced,3,2
100438,Arts,Freshman,2.29,Ideation,Beginner,2,1
100439,Business,Graduate,21.41,Debugging/Troubleshooting,Intermediate,5,6
100440,STEM,Graduate,6.21,Copywriting/Drafting,Advanced,4,2
100441,STEM,Senior,32.96,Ideation,Advanced,3,6
100442,Medical,Senior,1.35,Debugging/Troubleshooting,Intermediate,2,3
100443,Humanities,Freshman,9.74,Copywriting/Drafting,Beginner,3,4
100444,Humanities,Junior,2.22,Copywriting/Drafting,Intermediate,2,5
100445,Arts,Freshman,6.84,Debugging/Troubleshooting,Advanced,3,3
100446,Medical,Sophomore,10.18,Copywriting/Drafting,Advanced,3,3
100447,Medical,Sophomore,12.12,Summarizing_Reading,Advanced,3,3
100448,Arts,Junior,6.12,Ideation,Advanced,3,3
100449,Humanities,Freshman,0.1,Debugging/Troubleshooting,Beginner,3,2
100450,STEM,Freshman,1.13,Debugging/Troubleshooting,Intermediate,1,4
100451,Arts,Junior,2.26,Copywriting/Drafting,Intermediate,5,1
100452,Business,Junior,2.91,Direct_Answer_Generation,Advanced,3,2
100453,Humanities,Sophomore,7.81,Direct_Answer_Generation,Intermediate,4,3
100454,Medical,Freshman,0.67,Summarizing_Reading,Advanced,3,5
100455,STEM,Graduate,6.08,Ideation,Advanced,4,1
100456,Humanities,Freshman,2.54,Ideation,Advanced,4,4
100457,STEM,Senior,17.5,Copywriting/Drafting,Intermediate,4,6
100458,Humanities,Freshman,9.31,Debugging/Troubleshooting,Beginner,3,1
100459,STEM,Junior,19.65,Copywriting/Drafting,Intermediate,3,5
100460,STEM,Senior,4.45,Debugging/Troubleshooting,Beginner,3,2
100461,STEM,Senior,40,Copywriting/Drafting,Advanced,3,7
100462,Business,Sophomore,9.64,Ideation,Beginner,1,1
100463,Business,Freshman,3.59,Copywriting/Drafting,Advanced,5,3
100464,Business,Senior,4.86,Debugging/Troubleshooting,Intermediate,2,4
100465,Medical,Junior,7.65,Direct_Answer_Generation,Advanced,4,4
100466,Humanities,Senior,1.06,Ideation,Intermediate,2,4
100467,STEM,Senior,11.98,Debugging/Troubleshooting,Intermediate,1,5
100468,Arts,Junior,1.46,Copywriting/Drafting,Beginner,2,2
100469,STEM,Graduate,18.38,Debugging/Troubleshooting,Beginner,3,6
100470,Medical,Junior,3.53,Copywriting/Drafting,Intermediate,3,6
100471,STEM,Senior,23.26,Ideation,Beginner,1,6
100472,Medical,Senior,6.87,Debugging/Troubleshooting,Intermediate,5,1
100473,STEM,Junior,2.1,Debugging/Troubleshooting,Beginner,2,2
100474,Medical,Junior,0.46,Debugging/Troubleshooting,Beginner,1,1
100475,Business,Senior,9.92,Debugging/Troubleshooting,Beginner,2,2
100476,Medical,Junior,3.85,Direct_Answer_Generation,Beginner,2,5
100477,STEM,Junior,3.15,Debugging/Troubleshooting,Intermediate,2,3
100478,Business,Senior,13.28,Ideation,Intermediate,3,6
100479,Medical,Freshman,9.24,Summarizing_Reading,Intermediate,1,4
100480,Business,Freshman,1.9,Copywriting/Drafting,Advanced,3,1
100481,Business,Freshman,4.1,Summarizing_Reading,Intermediate,3,4
100482,Business,Junior,6.14,Summarizing_Reading,Advanced,4,1
100483,Humanities,Graduate,0.84,Summarizing_Reading,Beginner,1,2
100484,Business,Senior,3.76,Debugging/Troubleshooting,Beginner,3,3
100485,Business,Graduate,4.7,Debugging/Troubleshooting,Beginner,3,5
100486,Medical,Freshman,24.31,Summarizing_Reading,Advanced,3,8
100487,STEM,Senior,9.2,Ideation,Beginner,1,3
100488,STEM,Sophomore,0.3,Copywriting/Drafting,Advanced,5,2
100489,Medical,Freshman,25.56,Summarizing_Reading,Advanced,4,5
100490,Medical,Senior,7.58,Copywriting/Drafting,Intermediate,2,4
100491,Humanities,Freshman,1.1,Summarizing_Reading,Beginner,1,2
100492,Business,Freshman,14.92,Debugging/Troubleshooting,Beginner,2,6
100493,STEM,Sophomore,31.2,Direct_Answer_Generation,Intermediate,3,8
100494,STEM,Senior,10.68,Debugging/Troubleshooting,Beginner,3,1
100495,Humanities,Junior,20.45,Ideation,Advanced,3,4
100496,Humanities,Sophomore,5.02,Copywriting/Drafting,Beginner,2,3
100497,Business,Freshman,0.46,Copywriting/Drafting,Intermediate,2,2
100498,STEM,Freshman,5.12,Debugging/Troubleshooting,Beginner,3,1
100499,Medical,Freshman,10.8,Summarizing_Reading,Advanced,4,3
100500,Medical,Graduate,11.74,Debugging/Troubleshooting,Advanced,3,5
100501,Business,Graduate,8.44,Summarizing_Reading,Beginner,2,4
100502,Business,Graduate,1.55,Ideation,Beginner,3,4
100503,Humanities,Senior,1.51,Copywriting/Drafting,Advanced,3,2
100504,Arts,Graduate,1.88,Copywriting/Drafting,Beginner,2,4
100505,Business,Senior,0.59,Copywriting/Drafting,Beginner,2,1
100506,STEM,Graduate,27.97,Debugging/Troubleshooting,Intermediate,3,7
100507,Medical,Senior,3.36,Summarizing_Reading,Advanced,4,5
100508,Arts,Junior,1.31,Summarizing_Reading,Advanced,3,3
100509,Medical,Sophomore,10.81,Debugging/Troubleshooting,Intermediate,1,4
100510,Business,Junior,17.74,Summarizing_Reading,Intermediate,4,6
100511,Business,Junior,4.07,Ideation,Beginner,1,1
100512,Humanities,Junior,0.68,Ideation,Beginner,1,1
100513,Medical,Senior,7.83,Debugging/Troubleshooting,Beginner,3,2
100514,Arts,Senior,1.81,Copywriting/Drafting,Beginner,2,3
100515,STEM,Freshman,6.87,Ideation,Intermediate,3,5
100516,STEM,Sophomore,4.76,Direct_Answer_Generation,Intermediate,3,1
100517,Humanities,Graduate,0.92,Copywriting/Drafting,Advanced,4,2
100518,Arts,Junior,1.32,Copywriting/Drafting,Intermediate,5,4
100519,Medical,Sophomore,26.89,Debugging/Troubleshooting,Advanced,4,4
100520,STEM,Graduate,6.97,Summarizing_Reading,Intermediate,1,4
100521,Business,Sophomore,26.78,Copywriting/Drafting,Beginner,2,8
100522,Humanities,Sophomore,2.78,Ideation,Intermediate,1,2
100523,Medical,Sophomore,6.77,Summarizing_Reading,Beginner,3,4
100524,Arts,Graduate,13.68,Copywriting/Drafting,Intermediate,3,5
100525,Arts,Senior,0.28,Copywriting/Drafting,Advanced,4,2
100526,Humanities,Junior,2.75,Copywriting/Drafting,Beginner,2,3
100527,Humanities,Graduate,8.82,Direct_Answer_Generation,Intermediate,3,5
100528,STEM,Graduate,3.16,Debugging/Troubleshooting,Beginner,2,5
100529,STEM,Senior,24.32,Debugging/Troubleshooting,Intermediate,1,5
100530,Arts,Graduate,4.47,Ideation,Advanced,4,4
100531,Arts,Senior,7.95,Copywriting/Drafting,Intermediate,3,4
100532,Medical,Junior,11.57,Summarizing_Reading,Intermediate,2,1
100533,Medical,Junior,4.31,Direct_Answer_Generation,Beginner,2,4
100534,Business,Sophomore,21.41,Direct_Answer_Generation,Intermediate,4,7
100535,Arts,Freshman,2.2,Summarizing_Reading,Beginner,2,1
100536,Medical,Senior,4.96,Summarizing_Reading,Advanced,3,2
100537,Arts,Freshman,1.63,Direct_Answer_Generation,Beginner,2,4
100538,STEM,Sophomore,2.68,Debugging/Troubleshooting,Intermediate,2,3
100539,Humanities,Sophomore,4.61,Copywriting/Drafting,Intermediate,3,3
100540,STEM,Junior,16.98,Direct_Answer_Generation,Intermediate,2,5
100541,Medical,Sophomore,17.3,Summarizing_Reading,Intermediate,2,6
100542,Business,Senior,1.46,Ideation,Beginner,3,4
100543,STEM,Graduate,5.02,Debugging/Troubleshooting,Advanced,3,2
100544,Business,Graduate,25.99,Summarizing_Reading,Beginner,3,8
100545,Business,Junior,1.05,Copywriting/Drafting,Beginner,2,2
100546,Humanities,Graduate,11.26,Summarizing_Reading,Intermediate,5,2
100547,STEM,Sophomore,4.78,Ideation,Intermediate,4,5
100548,Business,Junior,2.31,Ideation,Beginner,2,3
100549,Business,Sophomore,3.22,Ideation,Advanced,5,3
100550,Arts,Graduate,7.81,Copywriting/Drafting,Intermediate,2,3
100551,Business,Freshman,10.93,Ideation,Beginner,2,2
100552,Arts,Junior,1.86,Copywriting/Drafting,Intermediate,2,4
100553,Business,Senior,7.39,Debugging/Troubleshooting,Advanced,5,3
100554,Business,Junior,0.52,Debugging/Troubleshooting,Advanced,5,1
100555,Medical,Freshman,19.12,Summarizing_Reading,Advanced,3,8
100556,Humanities,Junior,5.29,Copywriting/Drafting,Advanced,3,2
100557,STEM,Senior,40,Debugging/Troubleshooting,Beginner,3,10
100558,STEM,Freshman,1.6,Copywriting/Drafting,Intermediate,2,3
100559,Arts,Senior,4.35,Ideation,Intermediate,3,3
100560,Business,Graduate,6.33,Summarizing_Reading,Intermediate,1,3
100561,Business,Graduate,4.5,Direct_Answer_Generation,Advanced,4,3
100562,STEM,Sophomore,11.31,Direct_Answer_Generation,Intermediate,1,3
100563,STEM,Freshman,6.68,Direct_Answer_Generation,Beginner,2,5
100564,STEM,Sophomore,9.96,Debugging/Troubleshooting,Advanced,3,3
100565,Humanities,Senior,20.04,Summarizing_Reading,Advanced,4,2
100566,Business,Graduate,5.65,Ideation,Intermediate,2,5
100567,Humanities,Graduate,13.22,Ideation,Advanced,5,4
100568,Humanities,Graduate,2.93,Copywriting/Drafting,Advanced,3,2
100569,Medical,Senior,2.17,Debugging/Troubleshooting,Intermediate,2,3
100570,Humanities,Senior,1.05,Debugging/Troubleshooting,Beginner,1,1
100571,Business,Freshman,8.21,Direct_Answer_Generation,Beginner,1,4
100572,Arts,Sophomore,0.16,Copywriting/Drafting,Advanced,4,4
100573,Humanities,Graduate,0.93,Copywriting/Drafting,Beginner,3,1
100574,Business,Senior,13.69,Ideation,Beginner,3,2
100575,Arts,Junior,11.52,Direct_Answer_Generation,Advanced,4,6
100576,Medical,Freshman,0.08,Debugging/Troubleshooting,Beginner,3,2
100577,STEM,Sophomore,33.38,Debugging/Troubleshooting,Beginner,2,9
100578,Medical,Junior,4.87,Summarizing_Reading,Advanced,5,1
100579,Humanities,Graduate,2.44,Copywriting/Drafting,Advanced,5,5
100580,STEM,Freshman,9.82,Copywriting/Drafting,Advanced,3,3
100581,Humanities,Freshman,1.7,Copywriting/Drafting,Advanced,5,2
100582,Medical,Senior,0.88,Summarizing_Reading,Beginner,3,3
100583,Humanities,Sophomore,14.35,Copywriting/Drafting,Advanced,3,2
100584,Humanities,Freshman,0.85,Copywriting/Drafting,Intermediate,2,1
100585,Business,Freshman,3.44,Summarizing_Reading,Intermediate,2,4
100586,STEM,Junior,13.52,Debugging/Troubleshooting,Intermediate,2,3
100587,STEM,Junior,29.44,Direct_Answer_Generation,Intermediate,1,8
100588,STEM,Graduate,1.03,Ideation,Advanced,5,3
100589,STEM,Junior,12.67,Debugging/Troubleshooting,Intermediate,2,3
100590,STEM,Senior,11.69,Copywriting/Drafting,Advanced,5,3
100591,STEM,Freshman,3.32,Debugging/Troubleshooting,Intermediate,3,4
100592,Business,Senior,17.71,Ideation,Beginner,3,7
100593,STEM,Senior,5.92,Debugging/Troubleshooting,Intermediate,1,4
100594,Humanities,Freshman,1.96,Direct_Answer_Generation,Intermediate,4,3
100595,Medical,Senior,5.58,Debugging/Troubleshooting,Advanced,3,2
100596,Humanities,Freshman,1.73,Copywriting/Drafting,Beginner,2,2
100597,Business,Junior,9.47,Ideation,Advanced,3,3
100598,STEM,Senior,2.41,Summarizing_Reading,Beginner,2,2
100599,STEM,Senior,20.74,Direct_Answer_Generation,Advanced,4,4
100600,STEM,Graduate,13.45,Debugging/Troubleshooting,Advanced,3,1
100601,STEM,Graduate,40,Debugging/Troubleshooting,Intermediate,2,9
100602,STEM,Senior,1.27,Debugging/Troubleshooting,Beginner,1,3
100603,STEM,Graduate,2.13,Ideation,Beginner,1,4
100604,STEM,Freshman,3.81,Debugging/Troubleshooting,Beginner,2,1
100605,STEM,Sophomore,3.77,Debugging/Troubleshooting,Beginner,2,4
100606,Humanities,Freshman,5.49,Debugging/Troubleshooting,Intermediate,1,5
100607,STEM,Sophomore,28.42,Debugging/Troubleshooting,Intermediate,3,4
100608,Humanities,Sophomore,0.52,Direct_Answer_Generation,Beginner,2,4
100609,Business,Graduate,32.17,Copywriting/Drafting,Intermediate,3,8
100610,Business,Junior,1.16,Debugging/Troubleshooting,Beginner,1,1
100611,STEM,Senior,3.39,Debugging/Troubleshooting,Advanced,5,1
100612,Arts,Sophomore,3.33,Copywriting/Drafting,Intermediate,3,3
100613,Business,Junior,6.13,Ideation,Intermediate,3,4
100614,STEM,Senior,28.52,Summarizing_Reading,Intermediate,3,6
100615,Medical,Sophomore,6.01,Summarizing_Reading,Advanced,5,2
100616,Medical,Graduate,38,Copywriting/Drafting,Intermediate,1,6
100617,STEM,Freshman,37.28,Debugging/Troubleshooting,Advanced,3,8
100618,STEM,Graduate,15.05,Copywriting/Drafting,Advanced,3,7
100619,Arts,Freshman,2.04,Ideation,Intermediate,1,1
100620,Business,Junior,0.69,Ideation,Beginner,1,1
100621,STEM,Graduate,9.33,Summarizing_Reading,Intermediate,4,2
100622,STEM,Junior,0.83,Debugging/Troubleshooting,Advanced,3,2
100623,Humanities,Junior,1.65,Copywriting/Drafting,Intermediate,3,2
100624,Humanities,Senior,5.55,Direct_Answer_Generation,Intermediate,4,4
100625,Business,Sophomore,13.83,Summarizing_Reading,Beginner,2,6
100626,Humanities,Freshman,6.82,Copywriting/Drafting,Advanced,4,4
100627,Humanities,Sophomore,23.14,Direct_Answer_Generation,Beginner,1,3
100628,Business,Freshman,8.1,Debugging/Troubleshooting,Intermediate,3,5
100629,STEM,Graduate,0.7,Summarizing_Reading,Intermediate,5,1
100630,STEM,Graduate,1.08,Debugging/Troubleshooting,Beginner,2,1
100631,Business,Sophomore,7.6,Ideation,Intermediate,5,4
100632,Medical,Senior,3.38,Summarizing_Reading,Advanced,5,2
100633,Business,Freshman,5.57,Ideation,Advanced,3,3
100634,Business,Freshman,2.29,Debugging/Troubleshooting,Advanced,5,2
100635,STEM,Senior,7.49,Summarizing_Reading,Beginner,3,3
100636,Humanities,Sophomore,16.58,Copywriting/Drafting,Intermediate,3,5
100637,Business,Freshman,12.22,Direct_Answer_Generation,Beginner,3,5
100638,STEM,Senior,0.25,Copywriting/Drafting,Advanced,3,1
100639,STEM,Graduate,6.26,Direct_Answer_Generation,Beginner,3,1
100640,Humanities,Junior,4.04,Copywriting/Drafting,Beginner,2,3
100641,STEM,Sophomore,12.91,Copywriting/Drafting,Beginner,1,7
100642,Humanities,Sophomore,9.87,Ideation,Intermediate,4,2
100643,STEM,Senior,0.8,Summarizing_Reading,Advanced,3,1
100644,Humanities,Senior,0.47,Ideation,Beginner,1,5
100645,STEM,Graduate,4.57,Debugging/Troubleshooting,Beginner,1,2
100646,Medical,Graduate,9.6,Ideation,Intermediate,4,4
100647,Business,Graduate,1.91,Ideation,Beginner,1,3
100648,Business,Senior,8.57,Ideation,Intermediate,4,7
100649,Arts,Junior,1.07,Summarizing_Reading,Beginner,1,3
100650,Humanities,Senior,2.23,Ideation,Beginner,3,1
100651,STEM,Senior,39,Direct_Answer_Generation,Beginner,1,10
100652,Business,Freshman,0.22,Ideation,Advanced,5,1
100653,Business,Junior,6.38,Ideation,Advanced,5,2
100654,Business,Freshman,0.86,Ideation,Intermediate,4,1
100655,Humanities,Graduate,12.25,Debugging/Troubleshooting,Intermediate,1,5
100656,STEM,Sophomore,4.55,Ideation,Advanced,4,4
100657,STEM,Senior,40,Ideation,Beginner,1,10
100658,Humanities,Sophomore,24.6,Copywriting/Drafting,Intermediate,4,8
100659,Business,Senior,18.03,Summarizing_Reading,Beginner,1,3
100660,Business,Sophomore,4.71,Copywriting/Drafting,Advanced,5,3
100661,Humanities,Senior,0.73,Ideation,Beginner,3,3
100662,Medical,Freshman,8.33,Summarizing_Reading,Advanced,3,2
100663,Business,Junior,3.54,Ideation,Intermediate,2,4
100664,STEM,Freshman,1.09,Debugging/Troubleshooting,Beginner,1,2
100665,STEM,Junior,2.72,Debugging/Troubleshooting,Intermediate,4,2
100666,STEM,Senior,0.73,Debugging/Troubleshooting,Intermediate,3,3
100667,STEM,Senior,12.81,Copywriting/Drafting,Advanced,5,5
100668,STEM,Freshman,22.89,Debugging/Troubleshooting,Beginner,2,8
100669,STEM,Junior,2.46,Ideation,Intermediate,5,2
100670,STEM,Graduate,14.75,Ideation,Intermediate,4,4
100671,STEM,Senior,10.53,Debugging/Troubleshooting,Intermediate,4,3
100672,Medical,Freshman,15.64,Ideation,Intermediate,2,4
100673,STEM,Sophomore,13.93,Debugging/Troubleshooting,Intermediate,3,4
100674,Business,Junior,0.94,Debugging/Troubleshooting,Advanced,4,3
100675,Humanities,Freshman,17.34,Copywriting/Drafting,Advanced,4,8
100676,Medical,Senior,8.53,Summarizing_Reading,Beginner,3,3
100677,STEM,Junior,9.23,Direct_Answer_Generation,Beginner,2,2
100678,Humanities,Freshman,6.79,Summarizing_Reading,Beginner,2,5
100679,Medical,Junior,0.2,Copywriting/Drafting,Beginner,3,4
100680,Arts,Senior,15.05,Copywriting/Drafting,Intermediate,3,4
100681,Arts,Sophomore,18.63,Summarizing_Reading,Advanced,4,3
100682,STEM,Sophomore,9.57,Ideation,Intermediate,5,6
100683,STEM,Senior,0.42,Summarizing_Reading,Intermediate,1,1
100684,Business,Freshman,2.73,Summarizing_Reading,Beginner,2,2
100685,Medical,Senior,8.76,Debugging/Troubleshooting,Beginner,2,5
100686,Business,Graduate,8.4,Ideation,Advanced,4,3
100687,Business,Graduate,14.51,Debugging/Troubleshooting,Beginner,1,5
100688,STEM,Junior,5.02,Debugging/Troubleshooting,Intermediate,4,3
100689,Arts,Junior,30.95,Summarizing_Reading,Intermediate,2,6
100690,STEM,Graduate,28.96,Debugging/Troubleshooting,Advanced,3,7
100691,Humanities,Sophomore,2.81,Debugging/Troubleshooting,Beginner,3,5
100692,Humanities,Freshman,5.67,Copywriting/Drafting,Intermediate,2,1
100693,Business,Sophomore,3.06,Ideation,Intermediate,4,2
100694,STEM,Graduate,0.39,Ideation,Advanced,4,3
100695,STEM,Junior,15.32,Debugging/Troubleshooting,Intermediate,3,3
100696,Business,Junior,3.41,Direct_Answer_Generation,Intermediate,3,1
100697,STEM,Senior,1.77,Ideation,Intermediate,3,1
100698,Business,Junior,1.87,Summarizing_Reading,Beginner,1,3
100699,STEM,Freshman,9.46,Debugging/Troubleshooting,Intermediate,5,2
100700,Humanities,Junior,1.32,Ideation,Intermediate,3,3
100701,Business,Senior,0.99,Ideation,Advanced,5,1
100702,STEM,Senior,40,Debugging/Troubleshooting,Beginner,2,7
100703,Humanities,Senior,0.52,Copywriting/Drafting,Beginner,3,1
100704,STEM,Junior,0.34,Debugging/Troubleshooting,Beginner,2,3
100705,STEM,Graduate,12.68,Direct_Answer_Generation,Intermediate,2,3
100706,Medical,Junior,37.39,Direct_Answer_Generation,Beginner,3,7
100707,Humanities,Junior,6.75,Copywriting/Drafting,Intermediate,2,6
100708,Arts,Senior,16.65,Debugging/Troubleshooting,Intermediate,3,6
100709,STEM,Senior,4.68,Direct_Answer_Generation,Intermediate,3,4
100710,Business,Senior,11.43,Direct_Answer_Generation,Beginner,2,2
100711,Arts,Freshman,8.03,Direct_Answer_Generation,Beginner,2,3
100712,Business,Sophomore,16.69,Direct_Answer_Generation,Intermediate,1,2
100713,Humanities,Freshman,2.37,Copywriting/Drafting,Intermediate,3,3
100714,Humanities,Sophomore,0.04,Copywriting/Drafting,Intermediate,3,2
100715,Humanities,Junior,12.32,Copywriting/Drafting,Intermediate,4,4
100716,Medical,Senior,3.77,Ideation,Advanced,5,1
100717,Arts,Junior,1.14,Copywriting/Drafting,Beginner,3,1
100718,Medical,Freshman,2.31,Direct_Answer_Generation,Beginner,3,2
100719,STEM,Sophomore,2.35,Copywriting/Drafting,Advanced,4,1
100720,Business,Junior,0.76,Ideation,Advanced,4,2
100721,Medical,Senior,32.84,Summarizing_Reading,Intermediate,1,8
100722,STEM,Graduate,6.88,Summarizing_Reading,Intermediate,2,1
100723,STEM,Graduate,0.81,Debugging/Troubleshooting,Beginner,1,4
100724,Business,Graduate,1.12,Direct_Answer_Generation,Beginner,2,2
100725,Business,Junior,34,Direct_Answer_Generation,Beginner,3,8
100726,Arts,Senior,5.43,Summarizing_Reading,Beginner,2,5
100727,STEM,Sophomore,10.83,Debugging/Troubleshooting,Advanced,5,3
100728,Arts,Freshman,4.57,Copywriting/Drafting,Intermediate,2,4
100729,STEM,Freshman,4.09,Debugging/Troubleshooting,Intermediate,4,2
100730,STEM,Sophomore,3.69,Debugging/Troubleshooting,Advanced,4,1
100731,STEM,Freshman,7.08,Debugging/Troubleshooting,Advanced,3,5
100732,Arts,Graduate,2.95,Copywriting/Drafting,Advanced,4,2
100733,Business,Junior,0.25,Direct_Answer_Generation,Advanced,3,3
100734,Business,Senior,10.58,Ideation,Intermediate,4,3
100735,Humanities,Graduate,2.7,Copywriting/Drafting,Intermediate,1,1
100736,Medical,Graduate,3.4,Summarizing_Reading,Intermediate,3,3
100737,Humanities,Graduate,15.06,Copywriting/Drafting,Beginner,2,6
100738,Arts,Senior,0.54,Copywriting/Drafting,Intermediate,1,1
100739,Humanities,Junior,17.72,Copywriting/Drafting,Beginner,1,6
100740,Humanities,Junior,10.44,Summarizing_Reading,Beginner,2,6
100741,Humanities,Senior,5.33,Copywriting/Drafting,Beginner,3,1
100742,Humanities,Graduate,6.5,Copywriting/Drafting,Intermediate,5,5
100743,Business,Graduate,7.5,Ideation,Beginner,1,2
100744,Business,Senior,8.91,Summarizing_Reading,Beginner,3,3
100745,STEM,Junior,6.04,Debugging/Troubleshooting,Advanced,4,4
100746,Medical,Graduate,10.17,Ideation,Intermediate,3,3
100747,Humanities,Graduate,7.27,Debugging/Troubleshooting,Intermediate,3,4
100748,Business,Junior,7.89,Direct_Answer_Generation,Intermediate,2,5
100749,Medical,Senior,19.78,Copywriting/Drafting,Beginner,2,5
100750,Business,Senior,4.79,Ideation,Intermediate,3,3
100751,STEM,Junior,40,Copywriting/Drafting,Intermediate,2,7
100752,Medical,Senior,0.63,Direct_Answer_Generation,Beginner,2,4
100753,Business,Freshman,33.53,Ideation,Advanced,3,7
100754,Humanities,Junior,0.64,Direct_Answer_Generation,Beginner,2,1
100755,STEM,Junior,2.39,Debugging/Troubleshooting,Beginner,3,1
100756,Arts,Senior,1.81,Copywriting/Drafting,Beginner,3,3
100757,Business,Freshman,12.19,Debugging/Troubleshooting,Beginner,2,4
100758,Business,Freshman,6.72,Ideation,Intermediate,3,2
100759,Medical,Graduate,0.72,Direct_Answer_Generation,Advanced,3,1
100760,Arts,Sophomore,27.24,Copywriting/Drafting,Intermediate,1,8
100761,STEM,Sophomore,40,Summarizing_Reading,Advanced,4,9
100762,Humanities,Senior,1.4,Direct_Answer_Generation,Advanced,4,3
100763,STEM,Sophomore,1.34,Copywriting/Drafting,Intermediate,2,4
100764,Business,Senior,8.67,Ideation,Advanced,4,3
100765,STEM,Sophomore,4.94,Summarizing_Reading,Intermediate,2,1
100766,Business,Senior,3.87,Ideation,Beginner,2,5
100767,Arts,Junior,4.95,Copywriting/Drafting,Intermediate,2,3
100768,Medical,Graduate,13.73,Summarizing_Reading,Intermediate,4,2
100769,Humanities,Sophomore,5.48,Direct_Answer_Generation,Advanced,3,4
100770,Arts,Sophomore,1.33,Copywriting/Drafting,Intermediate,5,3
100771,STEM,Graduate,0.09,Debugging/Troubleshooting,Beginner,1,3
100772,Arts,Senior,7.4,Direct_Answer_Generation,Advanced,4,4
100773,STEM,Senior,2.36,Summarizing_Reading,Advanced,3,2
100774,Humanities,Sophomore,12.27,Copywriting/Drafting,Advanced,3,6
100775,Arts,Junior,1.51,Copywriting/Drafting,Beginner,1,2
100776,STEM,Sophomore,23.55,Copywriting/Drafting,Intermediate,1,5
100777,STEM,Sophomore,17.94,Debugging/Troubleshooting,Beginner,2,5
100778,Business,Junior,16.34,Direct_Answer_Generation,Beginner,2,4
100779,Business,Graduate,9.01,Summarizing_Reading,Beginner,2,3
100780,Business,Freshman,0.81,Ideation,Beginner,3,4
100781,Business,Sophomore,3.87,Ideation,Intermediate,4,5
100782,Business,Sophomore,1.42,Direct_Answer_Generation,Beginner,1,2
100783,STEM,Senior,3.75,Debugging/Troubleshooting,Advanced,3,1
100784,Humanities,Junior,3.15,Ideation,Intermediate,2,1
100785,STEM,Sophomore,1.11,Debugging/Troubleshooting,Intermediate,5,2
100786,Medical,Senior,13.24,Summarizing_Reading,Advanced,5,5
100787,Business,Sophomore,3.92,Summarizing_Reading,Beginner,3,2
100788,Humanities,Sophomore,3.36,Direct_Answer_Generation,Beginner,2,6
100789,Humanities,Freshman,5.87,Ideation,Beginner,3,1
100790,Medical,Freshman,14.82,Summarizing_Reading,Advanced,4,3
100791,STEM,Freshman,3.7,Summarizing_Reading,Advanced,4,2
100792,Business,Sophomore,6.96,Ideation,Advanced,5,6
100793,Business,Junior,10.74,Ideation,Advanced,5,2
100794,Business,Freshman,10.93,Summarizing_Reading,Intermediate,2,5
100795,STEM,Freshman,22.63,Debugging/Troubleshooting,Advanced,5,7
100796,Medical,Freshman,11.77,Direct_Answer_Generation,Advanced,3,7
100797,Medical,Sophomore,0.63,Debugging/Troubleshooting,Beginner,1,3
100798,Business,Freshman,4.57,Ideation,Advanced,5,1
100799,Business,Freshman,1.53,Ideation,Advanced,3,5
100800,Medical,Graduate,2.4,Summarizing_Reading,Beginner,2,1
100801,Business,Junior,3.58,Ideation,Intermediate,3,1
100802,STEM,Senior,0.23,Copywriting/Drafting,Intermediate,1,2
100803,Business,Senior,2.5,Direct_Answer_Generation,Advanced,3,3
100804,Business,Senior,11.08,Direct_Answer_Generation,Intermediate,2,4
100805,Humanities,Senior,3.06,Copywriting/Drafting,Beginner,3,1
100806,Business,Junior,23.9,Debugging/Troubleshooting,Beginner,3,8
100807,Medical,Senior,1.3,Summarizing_Reading,Advanced,4,2
100808,Medical,Graduate,1.17,Summarizing_Reading,Beginner,2,3
100809,Humanities,Freshman,21.93,Ideation,Advanced,4,5
100810,STEM,Sophomore,12.35,Debugging/Troubleshooting,Intermediate,2,6
100811,Medical,Freshman,1.9,Ideation,Intermediate,2,1
100812,Arts,Senior,0.04,Copywriting/Drafting,Intermediate,3,3
100813,STEM,Junior,14.14,Summarizing_Reading,Advanced,3,2
100814,Medical,Graduate,0.01,Ideation,Intermediate,3,1
100815,Arts,Sophomore,4.77,Copywriting/Drafting,Advanced,3,3
100816,Business,Junior,8.51,Ideation,Advanced,3,4
100817,Business,Junior,12.72,Debugging/Troubleshooting,Intermediate,3,7
100818,Humanities,Junior,12.27,Ideation,Beginner,2,5
100819,STEM,Senior,3.86,Debugging/Troubleshooting,Intermediate,2,4
100820,Humanities,Sophomore,2.94,Summarizing_Reading,Intermediate,3,3
100821,Arts,Junior,3.9,Copywriting/Drafting,Beginner,2,1
100822,STEM,Freshman,13.58,Debugging/Troubleshooting,Intermediate,4,5
100823,Humanities,Junior,3.15,Summarizing_Reading,Advanced,5,1
100824,Humanities,Junior,25.33,Direct_Answer_Generation,Advanced,3,4
100825,Business,Graduate,0.17,Direct_Answer_Generation,Beginner,1,1
100826,Medical,Graduate,16.79,Direct_Answer_Generation,Beginner,2,6
100827,Humanities,Junior,4.11,Copywriting/Drafting,Intermediate,3,4
100828,Humanities,Freshman,1.76,Copywriting/Drafting,Advanced,3,3
100829,Business,Senior,2.68,Ideation,Beginner,1,1
100830,Humanities,Freshman,0.3,Copywriting/Drafting,Beginner,2,1
100831,STEM,Junior,0.92,Debugging/Troubleshooting,Beginner,2,2
100832,Humanities,Freshman,14.17,Copywriting/Drafting,Beginner,3,4
100833,STEM,Sophomore,2.72,Direct_Answer_Generation,Advanced,5,2
100834,STEM,Junior,8.57,Copywriting/Drafting,Advanced,3,5
100835,Humanities,Sophomore,6.67,Copywriting/Drafting,Intermediate,3,6
100836,Humanities,Graduate,10.4,Summarizing_Reading,Intermediate,4,6
100837,Medical,Senior,15.31,Summarizing_Reading,Intermediate,2,5
100838,Humanities,Senior,7.95,Ideation,Beginner,3,3
100839,Business,Sophomore,1.01,Ideation,Intermediate,2,1
100840,Business,Freshman,5.58,Debugging/Troubleshooting,Intermediate,4,3
100841,STEM,Senior,26.54,Direct_Answer_Generation,Advanced,3,6
100842,Business,Senior,1.11,Ideation,Advanced,4,1
100843,STEM,Junior,22.56,Debugging/Troubleshooting,Beginner,2,4
100844,Medical,Sophomore,5.98,Summarizing_Reading,Intermediate,2,2
100845,STEM,Junior,12.95,Debugging/Troubleshooting,Intermediate,5,7
100846,Humanities,Senior,3.7,Summarizing_Reading,Advanced,3,3
100847,STEM,Senior,5.62,Direct_Answer_Generation,Advanced,4,4
100848,Medical,Senior,38,Copywriting/Drafting,Beginner,2,9
100849,Business,Graduate,6.14,Summarizing_Reading,Advanced,5,4
100850,Business,Junior,3.16,Summarizing_Reading,Beginner,3,4
100851,STEM,Freshman,11.17,Debugging/Troubleshooting,Advanced,3,3
100852,Business,Junior,6.92,Debugging/Troubleshooting,Beginner,1,4
100853,STEM,Junior,3.75,Debugging/Troubleshooting,Intermediate,3,4
100854,Medical,Freshman,6.69,Summarizing_Reading,Intermediate,3,1
100855,STEM,Junior,5.35,Summarizing_Reading,Intermediate,3,4
100856,STEM,Senior,7.91,Debugging/Troubleshooting,Beginner,2,4
100857,STEM,Senior,10.33,Debugging/Troubleshooting,Advanced,4,3
100858,Humanities,Graduate,6.73,Copywriting/Drafting,Intermediate,3,2
100859,Business,Senior,4.87,Direct_Answer_Generation,Intermediate,3,4
100860,STEM,Freshman,1.54,Direct_Answer_Generation,Intermediate,2,2
100861,Arts,Junior,16.62,Copywriting/Drafting,Beginner,1,7
100862,Humanities,Junior,0.16,Copywriting/Drafting,Intermediate,4,1
100863,Business,Sophomore,2.28,Summarizing_Reading,Beginner,1,4
100864,Humanities,Freshman,3.82,Summarizing_Reading,Intermediate,3,1
100865,Humanities,Freshman,0.88,Summarizing_Reading,Beginner,1,1
100866,Business,Freshman,14.11,Direct_Answer_Generation,Beginner,3,7
100867,STEM,Senior,8.03,Copywriting/Drafting,Advanced,3,3
100868,STEM,Freshman,9.03,Debugging/Troubleshooting,Beginner,1,6
100869,Arts,Sophomore,28.14,Summarizing_Reading,Advanced,3,6
100870,Medical,Freshman,0.23,Summarizing_Reading,Intermediate,4,2
100871,Humanities,Senior,2.98,Copywriting/Drafting,Intermediate,3,2
100872,STEM,Freshman,15.12,Debugging/Troubleshooting,Advanced,4,3
100873,Business,Freshman,5.43,Direct_Answer_Generation,Intermediate,3,3
100874,Humanities,Sophomore,1.99,Ideation,Advanced,3,4
100875,STEM,Sophomore,17.46,Debugging/Troubleshooting,Advanced,5,3
100876,STEM,Sophomore,14.68,Debugging/Troubleshooting,Advanced,3,2
100877,Business,Senior,35.79,Ideation,Advanced,4,9
100878,Business,Freshman,11.6,Ideation,Advanced,4,3
100879,STEM,Freshman,11.56,Copywriting/Drafting,Intermediate,3,6
100880,STEM,Sophomore,15.02,Ideation,Intermediate,5,4
100881,STEM,Graduate,10.73,Debugging/Troubleshooting,Intermediate,1,3
100882,Business,Freshman,0.47,Ideation,Intermediate,4,3
100883,STEM,Graduate,4.07,Ideation,Advanced,5,3
100884,STEM,Senior,32.87,Copywriting/Drafting,Beginner,1,6
100885,Arts,Junior,5.33,Copywriting/Drafting,Advanced,3,1
100886,STEM,Senior,7.8,Copywriting/Drafting,Beginner,1,4
100887,Business,Junior,24.82,Ideation,Beginner,3,6
100888,STEM,Junior,40,Ideation,Intermediate,3,9
100889,STEM,Junior,15.75,Debugging/Troubleshooting,Beginner,2,2
100890,STEM,Senior,21.24,Debugging/Troubleshooting,Intermediate,2,8
100891,Business,Freshman,15.1,Summarizing_Reading,Intermediate,5,6
100892,Arts,Junior,9.8,Direct_Answer_Generation,Advanced,3,3
100893,Arts,Senior,4.79,Copywriting/Drafting,Beginner,1,1
100894,Humanities,Sophomore,1.49,Copywriting/Drafting,Advanced,4,1
100895,Business,Graduate,33.27,Ideation,Advanced,5,9
100896,STEM,Freshman,15.15,Ideation,Beginner,2,3
100897,STEM,Graduate,10.51,Copywriting/Drafting,Beginner,2,7
100898,Medical,Senior,4.15,Direct_Answer_Generation,Advanced,3,4
100899,STEM,Senior,9.4,Summarizing_Reading,Beginner,1,1
100900,STEM,Graduate,7.56,Debugging/Troubleshooting,Intermediate,3,5
100901,STEM,Senior,2.65,Summarizing_Reading,Intermediate,4,4
100902,STEM,Sophomore,11.53,Direct_Answer_Generation,Intermediate,2,4
100903,STEM,Senior,6.53,Summarizing_Reading,Advanced,4,4
100904,Business,Freshman,0.29,Summarizing_Reading,Beginner,1,1
100905,Humanities,Junior,0.15,Direct_Answer_Generation,Intermediate,2,5
100906,Medical,Graduate,1.48,Ideation,Advanced,5,3
100907,Arts,Sophomore,36,Summarizing_Reading,Intermediate,1,7
100908,Humanities,Freshman,0.9,Direct_Answer_Generation,Beginner,2,2
100909,STEM,Junior,10.68,Ideation,Intermediate,5,4
100910,Humanities,Sophomore,7.73,Copywriting/Drafting,Intermediate,1,3
100911,Business,Sophomore,21.03,Direct_Answer_Generation,Beginner,1,5
100912,STEM,Junior,7,Copywriting/Drafting,Beginner,3,3
100913,Business,Junior,8.96,Direct_Answer_Generation,Beginner,1,2
100914,Humanities,Junior,5.26,Copywriting/Drafting,Beginner,2,2
100915,Business,Junior,1.02,Copywriting/Drafting,Beginner,2,3
100916,Humanities,Graduate,0.92,Copywriting/Drafting,Intermediate,3,2
100917,STEM,Graduate,2.88,Ideation,Advanced,3,2
100918,Medical,Senior,14.27,Debugging/Troubleshooting,Beginner,3,6
100919,Arts,Freshman,9.68,Debugging/Troubleshooting,Advanced,4,3
100920,STEM,Sophomore,4.01,Debugging/Troubleshooting,Advanced,3,1
100921,Arts,Graduate,4.44,Copywriting/Drafting,Intermediate,5,4
100922,Humanities,Junior,5.02,Copywriting/Drafting,Intermediate,3,3
100923,Medical,Graduate,11.46,Summarizing_Reading,Beginner,2,4
100924,Arts,Junior,5.7,Copywriting/Drafting,Intermediate,2,3
100925,Humanities,Graduate,1.36,Debugging/Troubleshooting,Beginner,2,1
100926,STEM,Freshman,1.58,Debugging/Troubleshooting,Beginner,3,3
100927,STEM,Junior,19.65,Debugging/Troubleshooting,Advanced,3,7
100928,Business,Senior,1.31,Debugging/Troubleshooting,Beginner,2,4
100929,Business,Graduate,2.73,Direct_Answer_Generation,Advanced,4,2
100930,STEM,Junior,0.37,Ideation,Advanced,3,5
100931,STEM,Freshman,7.39,Summarizing_Reading,Intermediate,3,1
100932,Arts,Graduate,17.65,Copywriting/Drafting,Advanced,5,4
100933,Medical,Junior,3.11,Summarizing_Reading,Intermediate,2,4
100934,Business,Freshman,2.95,Summarizing_Reading,Beginner,3,1
100935,STEM,Junior,12.65,Debugging/Troubleshooting,Beginner,1,3
100936,STEM,Senior,21.01,Debugging/Troubleshooting,Intermediate,3,7
100937,STEM,Junior,8.87,Ideation,Beginner,1,4
100938,Medical,Graduate,0.64,Summarizing_Reading,Advanced,5,4
100939,STEM,Junior,35.17,Debugging/Troubleshooting,Advanced,3,8
100940,Business,Junior,19.84,Copywriting/Drafting,Beginner,1,3
100941,STEM,Freshman,1.69,Debugging/Troubleshooting,Intermediate,3,3
100942,Business,Junior,1.21,Ideation,Beginner,3,2
100943,Business,Sophomore,15.71,Copywriting/Drafting,Beginner,3,4
100944,Arts,Sophomore,23.66,Copywriting/Drafting,Beginner,3,7
100945,STEM,Sophomore,19.95,Debugging/Troubleshooting,Advanced,3,6
100946,STEM,Freshman,3.52,Ideation,Beginner,1,4
100947,STEM,Freshman,4.91,Ideation,Advanced,3,1
100948,Medical,Junior,0.08,Ideation,Advanced,3,1
100949,Medical,Freshman,10.79,Direct_Answer_Generation,Beginner,2,5
100950,Business,Freshman,8.99,Ideation,Beginner,3,3
100951,Business,Graduate,1.33,Ideation,Beginner,2,4
100952,Business,Junior,3.29,Ideation,Intermediate,2,4
100953,STEM,Sophomore,20.33,Debugging/Troubleshooting,Beginner,1,7
100954,Medical,Sophomore,2.47,Summarizing_Reading,Intermediate,5,1
100955,Humanities,Junior,12.63,Debugging/Troubleshooting,Intermediate,1,4
100956,Humanities,Junior,2.66,Copywriting/Drafting,Beginner,1,4
100957,Business,Sophomore,3.89,Ideation,Intermediate,2,5
100958,STEM,Sophomore,1.67,Debugging/Troubleshooting,Intermediate,2,2
100959,STEM,Senior,3.02,Debugging/Troubleshooting,Advanced,3,1
100960,Business,Graduate,0.22,Ideation,Beginner,3,1
100961,STEM,Graduate,5.82,Debugging/Troubleshooting,Advanced,5,2
100962,Business,Freshman,1.97,Ideation,Intermediate,4,4
100963,STEM,Senior,11.44,Direct_Answer_Generation,Intermediate,5,3
100964,Humanities,Freshman,15.4,Summarizing_Reading,Intermediate,4,5
100965,STEM,Junior,6.13,Ideation,Advanced,3,6
100966,Humanities,Junior,34,Copywriting/Drafting,Advanced,3,6
100967,Business,Junior,33.76,Ideation,Beginner,1,7
100968,STEM,Junior,26.66,Debugging/Troubleshooting,Intermediate,2,9
100969,Business,Senior,2.22,Copywriting/Drafting,Beginner,3,2
